num_jobs,num_machines,seed,gurobi_status,optimal_cmax,gurobi_runtime,rule,heuristic_cmax,heuristic_runtime,gap,valid,best_or_tied
5,5,0,OPTIMAL,44.0,0.0025720596313476562,SPT,48.0,0.0001222500577569008,0.09090909090909091,True,False
5,5,0,OPTIMAL,44.0,0.0025720596313476562,LPT,48.0,8.470797911286354e-05,0.09090909090909091,True,False
5,5,0,OPTIMAL,44.0,0.0025720596313476562,MWKR,44.0,8.316710591316223e-05,0.0,True,True
5,5,1,OPTIMAL,45.0,0.004853010177612305,SPT,52.0,8.425000123679638e-05,0.15555555555555556,True,False
5,5,1,OPTIMAL,45.0,0.004853010177612305,LPT,59.0,8.733407594263554e-05,0.3111111111111111,True,False
5,5,1,OPTIMAL,45.0,0.004853010177612305,MWKR,49.0,8.579203858971596e-05,0.08888888888888889,True,True
5,5,2,OPTIMAL,56.0,0.016937971115112305,SPT,59.0,9.812507778406143e-05,0.05357142857142857,True,True
5,5,2,OPTIMAL,56.0,0.016937971115112305,LPT,65.0,8.645793423056602e-05,0.16071428571428573,True,False
5,5,2,OPTIMAL,56.0,0.016937971115112305,MWKR,63.0,8.204206824302673e-05,0.125,True,False
5,5,3,OPTIMAL,49.0,0.006343841552734375,SPT,52.0,8.587515912950039e-05,0.061224489795918366,True,True
5,5,3,OPTIMAL,49.0,0.006343841552734375,LPT,53.0,7.999991066753864e-05,0.08163265306122448,True,False
5,5,3,OPTIMAL,49.0,0.006343841552734375,MWKR,56.0,8.112494833767414e-05,0.14285714285714285,True,False
5,5,4,OPTIMAL,47.0,0.013430118560791016,SPT,55.0,9.179185144603252e-05,0.1702127659574468,True,False
5,5,4,OPTIMAL,47.0,0.013430118560791016,LPT,57.0,8.399994112551212e-05,0.2127659574468085,True,False
5,5,4,OPTIMAL,47.0,0.013430118560791016,MWKR,53.0,8.375011384487152e-05,0.1276595744680851,True,True
5,5,5,OPTIMAL,38.0,0.004770994186401367,SPT,39.0,8.179084397852421e-05,0.02631578947368421,True,True
5,5,5,OPTIMAL,38.0,0.004770994186401367,LPT,61.0,7.104198448359966e-05,0.6052631578947368,True,False
5,5,5,OPTIMAL,38.0,0.004770994186401367,MWKR,43.0,7.404200732707977e-05,0.13157894736842105,True,False
5,5,6,OPTIMAL,49.0,0.0039060115814208984,SPT,53.0,8.808309212327003e-05,0.08163265306122448,True,False
5,5,6,OPTIMAL,49.0,0.0039060115814208984,LPT,61.0,7.612491026520729e-05,0.24489795918367346,True,False
5,5,6,OPTIMAL,49.0,0.0039060115814208984,MWKR,49.0,7.69591424614191e-05,0.0,True,True
5,5,7,OPTIMAL,43.0,0.0021631717681884766,SPT,50.0,9.391596540808678e-05,0.16279069767441862,True,False
5,5,7,OPTIMAL,43.0,0.0021631717681884766,LPT,45.0,7.858313620090485e-05,0.046511627906976744,True,True
5,5,7,OPTIMAL,43.0,0.0021631717681884766,MWKR,45.0,7.583294063806534e-05,0.046511627906976744,True,True
5,5,8,OPTIMAL,46.0,0.004960060119628906,SPT,49.0,8.783303201198578e-05,0.06521739130434782,True,True
5,5,8,OPTIMAL,46.0,0.004960060119628906,LPT,54.0,0.00011062505654990673,0.17391304347826086,True,False
5,5,8,OPTIMAL,46.0,0.004960060119628906,MWKR,51.0,7.645809091627598e-05,0.10869565217391304,True,False
5,5,9,OPTIMAL,46.0,0.00998687744140625,SPT,48.0,9.112502448260784e-05,0.043478260869565216,True,True
5,5,9,OPTIMAL,46.0,0.00998687744140625,LPT,49.0,7.929210551083088e-05,0.06521739130434782,True,False
5,5,9,OPTIMAL,46.0,0.00998687744140625,MWKR,51.0,7.879198528826237e-05,0.10869565217391304,True,False
5,5,10,OPTIMAL,43.999999995499984,0.007545948028564453,SPT,47.0,7.91249331086874e-05,0.06818181829106444,True,True
5,5,10,OPTIMAL,43.999999995499984,0.007545948028564453,LPT,56.0,7.424992509186268e-05,0.2727272728574385,True,False
5,5,10,OPTIMAL,43.999999995499984,0.007545948028564453,MWKR,50.0,7.162499241530895e-05,0.1363636364798558,True,False
5,5,11,OPTIMAL,52.0,0.005905866622924805,SPT,56.0,8.779182098805904e-05,0.07692307692307693,True,False
5,5,11,OPTIMAL,52.0,0.005905866622924805,LPT,62.0,7.737497799098492e-05,0.19230769230769232,True,False
5,5,11,OPTIMAL,52.0,0.005905866622924805,MWKR,54.0,8.204206824302673e-05,0.038461538461538464,True,True
5,5,12,OPTIMAL,47.0,0.0037078857421875,SPT,58.0,8.758390322327614e-05,0.23404255319148937,True,False
5,5,12,OPTIMAL,47.0,0.0037078857421875,LPT,64.0,7.791607640683651e-05,0.3617021276595745,True,False
5,5,12,OPTIMAL,47.0,0.0037078857421875,MWKR,51.0,7.979199290275574e-05,0.0851063829787234,True,True
5,5,13,OPTIMAL,43.0,0.0059850215911865234,SPT,45.0,9.566592052578926e-05,0.046511627906976744,True,True
5,5,13,OPTIMAL,43.0,0.0059850215911865234,LPT,49.0,7.616612128913403e-05,0.13953488372093023,True,False
5,5,13,OPTIMAL,43.0,0.0059850215911865234,MWKR,47.0,7.483409717679024e-05,0.09302325581395349,True,False
5,5,14,OPTIMAL,52.0,0.013698101043701172,SPT,68.0,0.00010158400982618332,0.3076923076923077,True,False
5,5,14,OPTIMAL,52.0,0.013698101043701172,LPT,63.0,7.562502287328243e-05,0.21153846153846154,True,False
5,5,14,OPTIMAL,52.0,0.013698101043701172,MWKR,58.0,7.645785808563232e-05,0.11538461538461539,True,True
5,5,15,OPTIMAL,44.99999999539986,0.004848957061767578,SPT,51.0,8.858297951519489e-05,0.13333333344918868,True,True
5,5,15,OPTIMAL,44.99999999539986,0.004848957061767578,LPT,61.0,8.324999362230301e-05,0.35555555569412767,True,False
5,5,15,OPTIMAL,44.99999999539986,0.004848957061767578,MWKR,54.0,7.095793262124062e-05,0.20000000012267038,True,False
5,5,16,OPTIMAL,44.0,0.004271984100341797,SPT,51.0,9.15410928428173e-05,0.1590909090909091,True,True
5,5,16,OPTIMAL,44.0,0.004271984100341797,LPT,51.0,8.833291940391064e-05,0.1590909090909091,True,True
5,5,16,OPTIMAL,44.0,0.004271984100341797,MWKR,51.0,7.708417251706123e-05,0.1590909090909091,True,True
5,5,17,OPTIMAL,38.0,0.005057096481323242,SPT,51.0,9.062490426003933e-05,0.34210526315789475,True,False
5,5,17,OPTIMAL,38.0,0.005057096481323242,LPT,51.0,8.63329041749239e-05,0.34210526315789475,True,False
5,5,17,OPTIMAL,38.0,0.005057096481323242,MWKR,44.0,8.062506094574928e-05,0.15789473684210525,True,True
5,5,18,OPTIMAL,49.99999999489912,0.023352861404418945,SPT,56.0,0.00024270801804959774,0.12000000011425971,True,False
5,5,18,OPTIMAL,49.99999999489912,0.023352861404418945,LPT,53.0,0.00019966717809438705,0.06000000010813865,True,True
5,5,18,OPTIMAL,49.99999999489912,0.023352861404418945,MWKR,53.0,8.312496356666088e-05,0.06000000010813865,True,True
5,5,19,OPTIMAL,45.0,0.010785818099975586,SPT,57.0,0.00023291702382266521,0.26666666666666666,True,False
5,5,19,OPTIMAL,45.0,0.010785818099975586,LPT,53.0,0.0004926251713186502,0.17777777777777778,True,False
5,5,19,OPTIMAL,45.0,0.010785818099975586,MWKR,45.0,0.0002037500962615013,0.0,True,True
7,7,0,OPTIMAL,60.0,0.04278993606567383,SPT,68.0,0.00022900011390447617,0.13333333333333333,True,False
7,7,0,OPTIMAL,60.0,0.04278993606567383,LPT,94.0,0.00020595802925527096,0.5666666666666667,True,False
7,7,0,OPTIMAL,60.0,0.04278993606567383,MWKR,65.0,0.00022683409042656422,0.08333333333333333,True,True
7,7,1,OPTIMAL,62.0,0.07163596153259277,SPT,66.0,0.00025975005701184273,0.06451612903225806,True,True
7,7,1,OPTIMAL,62.0,0.07163596153259277,LPT,71.0,0.00021341699175536633,0.14516129032258066,True,False
7,7,1,OPTIMAL,62.0,0.07163596153259277,MWKR,69.0,0.00021104095503687859,0.11290322580645161,True,False
7,7,2,OPTIMAL,75.0,0.09414100646972656,SPT,85.0,0.000204416923224926,0.13333333333333333,True,True
7,7,2,OPTIMAL,75.0,0.09414100646972656,LPT,89.0,0.00020725000649690628,0.18666666666666668,True,False
7,7,2,OPTIMAL,75.0,0.09414100646972656,MWKR,89.0,0.0002087499015033245,0.18666666666666668,True,False
7,7,3,OPTIMAL,74.0,0.07993698120117188,SPT,93.0,0.00022316700778901577,0.25675675675675674,True,False
7,7,3,OPTIMAL,74.0,0.07993698120117188,LPT,86.0,0.0002219171728938818,0.16216216216216217,True,False
7,7,3,OPTIMAL,74.0,0.07993698120117188,MWKR,83.0,0.00025516701862215996,0.12162162162162163,True,True
7,7,4,OPTIMAL,57.0,0.024626970291137695,SPT,68.0,0.00020987493917346,0.19298245614035087,True,True
7,7,4,OPTIMAL,57.0,0.024626970291137695,LPT,68.0,0.00020708306692540646,0.19298245614035087,True,True
7,7,4,OPTIMAL,57.0,0.024626970291137695,MWKR,69.0,0.00020145811140537262,0.21052631578947367,True,False
7,7,5,OPTIMAL,57.0,0.05124402046203613,SPT,68.0,0.00020866584964096546,0.19298245614035087,True,False
7,7,5,OPTIMAL,57.0,0.05124402046203613,LPT,69.0,0.00022241706028580666,0.21052631578947367,True,False
7,7,5,OPTIMAL,57.0,0.05124402046203613,MWKR,61.0,0.00020987493917346,0.07017543859649122,True,True
7,7,6,OPTIMAL,63.0,0.04082012176513672,SPT,85.0,0.00022829114459455013,0.3492063492063492,True,False
7,7,6,OPTIMAL,63.0,0.04082012176513672,LPT,86.0,0.00021983287297189236,0.36507936507936506,True,False
7,7,6,OPTIMAL,63.0,0.04082012176513672,MWKR,72.0,0.00021233386360108852,0.14285714285714285,True,True
7,7,7,OPTIMAL,70.0,0.06792998313903809,SPT,88.0,0.0002090840134769678,0.2571428571428571,True,False
7,7,7,OPTIMAL,70.0,0.06792998313903809,LPT,88.0,0.00019329204224050045,0.2571428571428571,True,False
7,7,7,OPTIMAL,70.0,0.06792998313903809,MWKR,79.0,0.00019583292305469513,0.12857142857142856,True,True
7,7,8,OPTIMAL,68.0,0.09916496276855469,SPT,73.0,0.0002528748009353876,0.07352941176470588,True,True
7,7,8,OPTIMAL,68.0,0.09916496276855469,LPT,100.0,0.00021570897661149502,0.47058823529411764,True,False
7,7,8,OPTIMAL,68.0,0.09916496276855469,MWKR,81.0,0.00020979205146431923,0.19117647058823528,True,False
7,7,9,OPTIMAL,57.0,0.01469278335571289,SPT,65.0,0.00021587498486042023,0.14035087719298245,True,True
7,7,9,OPTIMAL,57.0,0.01469278335571289,LPT,82.0,0.00021141697652637959,0.43859649122807015,True,False
7,7,9,OPTIMAL,57.0,0.01469278335571289,MWKR,67.0,0.00020566699095070362,0.17543859649122806,True,False
7,7,10,OPTIMAL,69.0,0.1553809642791748,SPT,84.0,0.00021862518042325974,0.21739130434782608,True,False
7,7,10,OPTIMAL,69.0,0.1553809642791748,LPT,81.0,0.00021725008264183998,0.17391304347826086,True,False
7,7,10,OPTIMAL,69.0,0.1553809642791748,MWKR,74.0,0.0002190840896219015,0.07246376811594203,True,True
7,7,11,OPTIMAL,64.0,0.009178876876831055,SPT,72.0,0.00021691713482141495,0.125,True,False
7,7,11,OPTIMAL,64.0,0.009178876876831055,LPT,81.0,0.00021108309738337994,0.265625,True,False
7,7,11,OPTIMAL,64.0,0.009178876876831055,MWKR,65.0,0.00021487497724592686,0.015625,True,True
7,7,12,OPTIMAL,67.0,0.02986884117126465,SPT,76.0,0.00020599993877112865,0.13432835820895522,True,False
7,7,12,OPTIMAL,67.0,0.02986884117126465,LPT,82.0,0.0002052921336144209,0.22388059701492538,True,False
7,7,12,OPTIMAL,67.0,0.02986884117126465,MWKR,72.0,0.00020516710355877876,0.07462686567164178,True,True
7,7,13,OPTIMAL,69.0,0.06260895729064941,SPT,79.0,0.0002080418635159731,0.14492753623188406,True,False
7,7,13,OPTIMAL,69.0,0.06260895729064941,LPT,77.0,0.00019758311100304127,0.11594202898550725,True,False
7,7,13,OPTIMAL,69.0,0.06260895729064941,MWKR,73.0,0.00020537502132356167,0.057971014492753624,True,True
7,7,14,OPTIMAL,68.0,0.10516119003295898,SPT,72.0,0.00020691705867648125,0.058823529411764705,True,True
7,7,14,OPTIMAL,68.0,0.10516119003295898,LPT,73.0,0.0002035840880125761,0.07352941176470588,True,False
7,7,14,OPTIMAL,68.0,0.10516119003295898,MWKR,72.0,0.00020658294670283794,0.058823529411764705,True,True
7,7,15,OPTIMAL,64.0,0.037774085998535156,SPT,69.0,0.00020579108968377113,0.078125,True,True
7,7,15,OPTIMAL,64.0,0.037774085998535156,LPT,78.0,0.00020337500609457493,0.21875,True,False
7,7,15,OPTIMAL,64.0,0.037774085998535156,MWKR,69.0,0.0002068749163299799,0.078125,True,True
7,7,16,OPTIMAL,60.0,0.07549619674682617,SPT,74.0,0.0002094591036438942,0.23333333333333334,True,False
7,7,16,OPTIMAL,60.0,0.07549619674682617,LPT,96.0,0.00019200006499886513,0.6,True,False
7,7,16,OPTIMAL,60.0,0.07549619674682617,MWKR,71.0,0.0002109999768435955,0.18333333333333332,True,True
7,7,17,OPTIMAL,66.0,0.11284494400024414,SPT,72.0,0.0002067089080810547,0.09090909090909091,True,False
7,7,17,OPTIMAL,66.0,0.11284494400024414,LPT,94.0,0.00019583315588533878,0.42424242424242425,True,False
7,7,17,OPTIMAL,66.0,0.11284494400024414,MWKR,71.0,0.00019829184748232365,0.07575757575757576,True,True
7,7,18,OPTIMAL,70.0,0.0867919921875,SPT,85.0,0.00020562508143484592,0.21428571428571427,True,False
7,7,18,OPTIMAL,70.0,0.0867919921875,LPT,97.0,0.00019612512551248074,0.38571428571428573,True,False
7,7,18,OPTIMAL,70.0,0.0867919921875,MWKR,76.0,0.00020295800641179085,0.08571428571428572,True,True
7,7,19,OPTIMAL,67.0,0.035410165786743164,SPT,75.0,0.0002255421131849289,0.11940298507462686,True,False
7,7,19,OPTIMAL,67.0,0.035410165786743164,LPT,91.0,0.0002090840134769678,0.3582089552238806,True,False
7,7,19,OPTIMAL,67.0,0.035410165786743164,MWKR,71.0,0.00020687514916062355,0.05970149253731343,True,True
10,10,0,OPTIMAL,97.99999999009995,0.9628200531005859,SPT,111.0,0.000593916978687048,0.13265306133891144,True,False
10,10,0,OPTIMAL,97.99999999009995,0.9628200531005859,LPT,132.0,0.0006047920323908329,0.34693877564627307,True,False
10,10,0,OPTIMAL,97.99999999009995,0.9628200531005859,MWKR,107.0,0.0006074169650673866,0.09183673480417588,True,True
10,10,1,OPTIMAL,90.0,0.5846469402313232,SPT,112.0,0.0006305419374257326,0.24444444444444444,True,False
10,10,1,OPTIMAL,90.0,0.5846469402313232,LPT,117.0,0.000608332920819521,0.3,True,False
10,10,1,OPTIMAL,90.0,0.5846469402313232,MWKR,107.0,0.0006186668761074543,0.18888888888888888,True,True
10,10,2,OPTIMAL,89.0,0.5144050121307373,SPT,113.0,0.0005819587968289852,0.2696629213483146,True,False
10,10,2,OPTIMAL,89.0,0.5144050121307373,LPT,120.0,0.0006057079881429672,0.34831460674157305,True,False
10,10,2,OPTIMAL,89.0,0.5144050121307373,MWKR,100.0,0.000601958017796278,0.12359550561797752,True,True
10,10,3,OPTIMAL,95.0,0.7820148468017578,SPT,129.0,0.0006312080658972263,0.35789473684210527,True,False
10,10,3,OPTIMAL,95.0,0.7820148468017578,LPT,116.0,0.0006526669021695852,0.22105263157894736,True,False
10,10,3,OPTIMAL,95.0,0.7820148468017578,MWKR,101.0,0.0006296669598668814,0.06315789473684211,True,True
10,10,4,OPTIMAL,87.99999999109804,1.874541997909546,SPT,98.0,0.0005949998740106821,0.11363636374901762,True,True
10,10,4,OPTIMAL,87.99999999109804,1.874541997909546,LPT,114.0,0.0006092078983783722,0.2954545455855919,True,False
10,10,4,OPTIMAL,87.99999999109804,1.874541997909546,MWKR,105.0,0.000638625118881464,0.19318181830251888,True,False
10,10,5,OPTIMAL,83.99999999149999,1.0833239555358887,SPT,100.0,0.0005854589398950338,0.19047619059665546,True,False
10,10,5,OPTIMAL,83.99999999149999,1.0833239555358887,LPT,116.0,0.0005778749473392963,0.3809523810921203,True,False
10,10,5,OPTIMAL,83.99999999149999,1.0833239555358887,MWKR,97.0,0.0006027501076459885,0.1547619048787558,True,True
10,10,6,OPTIMAL,89.99999999089638,2.8596479892730713,SPT,103.0,0.0006620420608669519,0.14444444456020647,True,True
10,10,6,OPTIMAL,89.99999999089638,2.8596479892730713,LPT,119.0,0.0006110831163823605,0.3222222223559667,True,False
10,10,6,OPTIMAL,89.99999999089638,2.8596479892730713,MWKR,106.0,0.0006117499433457851,0.17777777789691152,True,False
10,10,7,OPTIMAL,92.0,1.6203091144561768,SPT,108.0,0.0006031668744981289,0.17391304347826086,True,False
10,10,7,OPTIMAL,92.0,1.6203091144561768,LPT,123.0,0.0005965421441942453,0.33695652173913043,True,False
10,10,7,OPTIMAL,92.0,1.6203091144561768,MWKR,106.0,0.0006258341018110514,0.15217391304347827,True,True
10,10,8,OPTIMAL,95.0,1.000802993774414,SPT,122.0,0.000589416828006506,0.28421052631578947,True,False
10,10,8,OPTIMAL,95.0,1.000802993774414,LPT,119.0,0.0006165408995002508,0.25263157894736843,True,False
10,10,8,OPTIMAL,95.0,1.000802993774414,MWKR,112.0,0.0006178328767418861,0.17894736842105263,True,True
10,10,9,OPTIMAL,81.99999999169998,0.6522970199584961,SPT,112.0,0.0005863751284778118,0.36585365867483677,True,False
10,10,9,OPTIMAL,81.99999999169998,0.6522970199584961,LPT,107.0,0.0006185839883983135,0.30487804891256726,True,False
10,10,9,OPTIMAL,81.99999999169998,0.6522970199584961,MWKR,101.0,0.000620041973888874,0.23170731719784385,True,True
10,10,10,OPTIMAL,89.99999999089988,0.8018569946289062,SPT,103.0,0.0005880000535398722,0.144444444560162,True,False
10,10,10,OPTIMAL,89.99999999089988,0.8018569946289062,LPT,118.0,0.0006289160810410976,0.31111111124368074,True,False
10,10,10,OPTIMAL,89.99999999089988,0.8018569946289062,MWKR,99.0,0.0006085829809308052,0.10000000011122369,True,True
10,10,11,OPTIMAL,86.0,0.39723801612854004,SPT,98.0,0.0006001249421387911,0.13953488372093023,True,True
10,10,11,OPTIMAL,86.0,0.39723801612854004,LPT,115.0,0.0005930829793214798,0.3372093023255814,True,False
10,10,11,OPTIMAL,86.0,0.39723801612854004,MWKR,99.0,0.0006075000856071711,0.1511627906976744,True,False
10,10,12,OPTIMAL,98.0,1.9334118366241455,SPT,135.0,0.0005706660449504852,0.37755102040816324,True,False
10,10,12,OPTIMAL,98.0,1.9334118366241455,LPT,127.0,0.000596832949668169,0.29591836734693877,True,False
10,10,12,OPTIMAL,98.0,1.9334118366241455,MWKR,113.0,0.0006391671486198902,0.15306122448979592,True,True
10,10,13,OPTIMAL,101.0,2.203840970993042,SPT,127.0,0.0005939591210335493,0.25742574257425743,True,False
10,10,13,OPTIMAL,101.0,2.203840970993042,LPT,138.0,0.0006015419494360685,0.36633663366336633,True,False
10,10,13,OPTIMAL,101.0,2.203840970993042,MWKR,119.0,0.0006298751104623079,0.1782178217821782,True,True
10,10,14,OPTIMAL,101.99999965823983,6.550580024719238,SPT,133.0,0.00058787502348423,0.3039215729963574,True,False
10,10,14,OPTIMAL,101.99999965823983,6.550580024719238,LPT,142.0,0.0005994581151753664,0.3921568674096448,True,False
10,10,14,OPTIMAL,101.99999965823983,6.550580024719238,MWKR,112.0,0.000609958078712225,0.09803921936535363,True,True
10,10,15,OPTIMAL,88.0,0.9932119846343994,SPT,100.0,0.0006594168953597546,0.13636363636363635,True,True
10,10,15,OPTIMAL,88.0,0.9932119846343994,LPT,116.0,0.0006599579937756062,0.3181818181818182,True,False
10,10,15,OPTIMAL,88.0,0.9932119846343994,MWKR,107.0,0.0006409161724150181,0.2159090909090909,True,False
10,10,16,OPTIMAL,82.99999999159999,1.0728228092193604,SPT,101.0,0.0006125839427113533,0.21686747000267104,True,False
10,10,16,OPTIMAL,82.99999999159999,1.0728228092193604,LPT,111.0,0.000642457976937294,0.33734939772570777,True,False
10,10,16,OPTIMAL,82.99999999159999,1.0728228092193604,MWKR,94.0,0.0006775828078389168,0.13253012059654531,True,True
10,10,17,OPTIMAL,94.0,0.6420631408691406,SPT,112.0,0.0006235840264707804,0.19148936170212766,True,False
10,10,17,OPTIMAL,94.0,0.6420631408691406,LPT,116.0,0.0006144579965621233,0.23404255319148937,True,False
10,10,17,OPTIMAL,94.0,0.6420631408691406,MWKR,105.0,0.0006026250775903463,0.11702127659574468,True,True
10,10,18,OPTIMAL,85.0,0.49193716049194336,SPT,104.0,0.0006144170183688402,0.2235294117647059,True,True
10,10,18,OPTIMAL,85.0,0.49193716049194336,LPT,106.0,0.000619000056758523,0.24705882352941178,True,False
10,10,18,OPTIMAL,85.0,0.49193716049194336,MWKR,106.0,0.0006436249241232872,0.24705882352941178,True,False
10,10,19,OPTIMAL,86.99999999110028,2.8432228565216064,SPT,104.0,0.0006249160505831242,0.19540229897285913,True,False
10,10,19,OPTIMAL,86.99999999110028,2.8432228565216064,LPT,105.0,0.0006452500820159912,0.20689655184759814,True,False
10,10,19,OPTIMAL,86.99999999110028,2.8432228565216064,MWKR,102.0,0.0006378751713782549,0.17241379322338107,True,True
