num_jobs,num_machines,rule,num_instances,optimal_instances,valid_count,best_or_tied_count,mean_makespan,mean_gap,median_gap,mean_runtime,median_runtime
5,5,SPT,20,20,20,9,52.25,0.13327278398282574,0.10545454551167531,0.0001061582355760038,9.087496437132359e-05
5,5,LPT,20,20,20,3,55.75,0.21326381109617307,0.18504273504273505,0.00010848536621779203,8.162495214492083e-05
5,5,MWKR,20,20,20,12,50.55,0.09626062805599253,0.10869565217391304,8.491268381476403e-05,7.929198909550905e-05
7,7,SPT,20,20,20,7,75.85,0.16053304059232368,0.13733961770096884,0.00021753136534243822,0.0002096670214086771
7,7,LPT,20,20,20,1,84.15,0.291768912645815,0.24051172707889124,0.00020747515372931957,0.00020716653671115637
7,7,MWKR,20,20,20,15,72.45,0.10927060526783416,0.08452380952380953,0.00021069174399599433,0.00020781252533197403
10,10,SPT,20,20,20,5,111.25,0.22318596172072064,0.20613488448776507,0.0006067314301617443,0.0005975624080747366
10,10,LPT,20,20,20,0,118.85,0.3077831369532388,0.3146464647127495,0.0006151144509203732,0.0006101455073803663
10,10,MWKR,20,20,20,15,104.9,0.15607216425444226,0.15391156468427586,0.0006236125249415636,0.0006193544249981642
