num_jobs,num_machines,seed,status,makespan,runtime,num_variables,num_constraints
3,3,0,OPTIMAL,28.0,0.02343916893005371,19,27
3,3,1,OPTIMAL,24.0,0.0038862228393554688,19,27
3,3,2,OPTIMAL,27.0,0.001107931137084961,19,27
3,3,3,OPTIMAL,35.0,0.0018200874328613281,19,27
3,3,4,OPTIMAL,29.0,0.0019800662994384766,19,27
3,3,5,OPTIMAL,24.0,0.0018248558044433594,19,27
3,3,6,OPTIMAL,20.0,0.0007398128509521484,19,27
3,3,7,OPTIMAL,18.0,0.0013649463653564453,19,27
3,3,8,OPTIMAL,30.0,0.0016770362854003906,19,27
3,3,9,OPTIMAL,26.0,0.0007882118225097656,19,27
5,5,0,OPTIMAL,44.0,0.0025479793548583984,76,125
5,5,1,OPTIMAL,45.0,0.006757974624633789,76,125
5,5,2,OPTIMAL,56.0,0.013952016830444336,76,125
5,5,3,OPTIMAL,49.0,0.006845951080322266,76,125
5,5,4,OPTIMAL,47.0,0.01538705825805664,76,125
5,5,5,OPTIMAL,38.0,0.006028890609741211,76,125
5,5,6,OPTIMAL,49.0,0.005775928497314453,76,125
5,5,7,OPTIMAL,43.0,0.0031371116638183594,76,125
5,5,8,OPTIMAL,46.0,0.008807182312011719,76,125
5,5,9,OPTIMAL,46.0,0.012127876281738281,76,125
7,7,0,OPTIMAL,60.0,0.039663076400756836,197,343
7,7,1,OPTIMAL,62.0,0.0848088264465332,197,343
7,7,2,OPTIMAL,75.0,0.1343979835510254,197,343
7,7,3,OPTIMAL,74.0,0.0907740592956543,197,343
7,7,4,OPTIMAL,57.0,0.031295061111450195,197,343
7,7,5,OPTIMAL,57.0,0.05314993858337402,197,343
7,7,6,OPTIMAL,63.0,0.04123687744140625,197,343
7,7,7,OPTIMAL,70.0,0.06717491149902344,197,343
7,7,8,OPTIMAL,68.0,0.10158395767211914,197,343
7,7,9,OPTIMAL,57.0,0.014823198318481445,197,343
10,10,0,OPTIMAL,97.99999999009995,1.028569221496582,551,1000
10,10,1,OPTIMAL,90.0,0.6141369342803955,551,1000
10,10,2,OPTIMAL,89.0,0.5260219573974609,551,1000
10,10,3,OPTIMAL,95.0,0.8091018199920654,551,1000
10,10,4,OPTIMAL,87.99999999109804,2.0248379707336426,551,1000
10,10,5,OPTIMAL,83.99999999149999,1.1457040309906006,551,1000
10,10,6,OPTIMAL,89.99999999089638,2.6470649242401123,551,1000
10,10,7,OPTIMAL,92.0,1.5304322242736816,551,1000
10,10,8,OPTIMAL,95.0,0.9380509853363037,551,1000
10,10,9,OPTIMAL,81.99999999169998,0.6891880035400391,551,1000
12,12,0,OPTIMAL,104.0,2.272030830383301,937,1728
12,12,1,OPTIMAL,104.99999998939998,2.9284610748291016,937,1728
12,12,2,OPTIMAL,104.0,1.898184061050415,937,1728
12,12,3,OPTIMAL,104.0,10.04564094543457,937,1728
12,12,4,OPTIMAL,102.0,8.294190168380737,937,1728
12,12,5,TIME_LIMIT,,30.011281967163086,937,1728
12,12,6,OPTIMAL,104.99999998939998,3.794891834259033,937,1728
12,12,7,OPTIMAL,103.99999998949994,3.130281925201416,937,1728
12,12,8,OPTIMAL,106.0,4.7371180057525635,937,1728
12,12,9,OPTIMAL,107.99999998899938,12.737699031829834,937,1728
