num_jobs,num_machines,seed,gurobi_status,optimal_cmax,mwkr_cmax,decoded_initial_cmax,local_cmax,mwkr_gap,local_gap,compression_improvement,swap_improvement,total_improvement,mwkr_runtime,local_runtime,local_iterations,evaluated_moves,feasible_moves,mwkr_valid,local_valid
5,5,0,OPTIMAL,44.0,44.0,44.0,44.0,0.0,0.0,0.0,0.0,0.0,9.40829049795866e-05,0.00057050003670156,0,20,20,True,True
5,5,1,OPTIMAL,45.0,49.0,49.0,49.0,0.08888888888888889,0.08888888888888889,0.0,0.0,0.0,9.212503209710121e-05,0.0005570000503212214,0,20,20,True,True
5,5,2,OPTIMAL,56.0,63.0,63.0,62.0,0.125,0.10714285714285714,0.0,0.015873015873015872,0.015873015873015872,9.062490426003933e-05,0.0010352081153541803,1,40,38,True,True
5,5,3,OPTIMAL,49.0,56.0,56.0,56.0,0.14285714285714285,0.14285714285714285,0.0,0.0,0.0,9.479187428951263e-05,0.0005891658365726471,0,20,20,True,True
5,5,4,OPTIMAL,47.0,53.0,53.0,53.0,0.1276595744680851,0.1276595744680851,0.0,0.0,0.0,9.091594256460667e-05,0.0005630420055240393,0,20,20,True,True
5,5,5,OPTIMAL,38.0,43.0,43.0,43.0,0.13157894736842105,0.13157894736842105,0.0,0.0,0.0,0.00011137500405311584,0.0006854578386992216,0,20,19,True,True
5,5,6,OPTIMAL,49.0,49.0,49.0,49.0,0.0,0.0,0.0,0.0,0.0,8.570798672735691e-05,0.0005953751970082521,0,20,20,True,True
5,5,7,OPTIMAL,43.0,45.0,45.0,45.0,0.046511627906976744,0.046511627906976744,0.0,0.0,0.0,8.645793423056602e-05,0.0005662089679390192,0,20,20,True,True
5,5,8,OPTIMAL,46.0,51.0,51.0,46.0,0.10869565217391304,0.0,0.0,0.09803921568627451,0.09803921568627451,9.208288975059986e-05,0.0014944591093808413,2,60,60,True,True
5,5,9,OPTIMAL,46.0,51.0,51.0,50.0,0.10869565217391304,0.08695652173913043,0.0,0.0196078431372549,0.0196078431372549,9.008310735225677e-05,0.0010578751098364592,1,40,39,True,True
5,5,10,OPTIMAL,43.999999995499984,50.0,50.0,50.0,0.1363636364798558,0.1363636364798558,0.0,0.0,0.0,9.016692638397217e-05,0.0005545420572161674,0,20,20,True,True
5,5,11,OPTIMAL,52.0,54.0,54.0,54.0,0.038461538461538464,0.038461538461538464,0.0,0.0,0.0,9.154179133474827e-05,0.000559499952942133,0,20,19,True,True
5,5,12,OPTIMAL,47.0,51.0,51.0,51.0,0.0851063829787234,0.0851063829787234,0.0,0.0,0.0,0.0001498749479651451,0.0005613749381154776,0,20,20,True,True
5,5,13,OPTIMAL,43.0,47.0,47.0,45.0,0.09302325581395349,0.046511627906976744,0.0,0.0425531914893617,0.0425531914893617,9.258394129574299e-05,0.001139041967689991,1,40,38,True,True
5,5,14,OPTIMAL,52.0,58.0,58.0,55.0,0.11538461538461539,0.057692307692307696,0.0,0.05172413793103448,0.05172413793103448,0.0001371670514345169,0.0015234998427331448,2,60,60,True,True
5,5,15,OPTIMAL,44.99999999539986,54.0,54.0,54.0,0.20000000012267038,0.20000000012267038,0.0,0.0,0.0,8.695782162249088e-05,0.0005557499825954437,0,20,19,True,True
5,5,16,OPTIMAL,44.0,51.0,51.0,51.0,0.1590909090909091,0.1590909090909091,0.0,0.0,0.0,9.258300997316837e-05,0.0005716250743716955,0,20,19,True,True
5,5,17,OPTIMAL,38.0,44.0,44.0,44.0,0.15789473684210525,0.15789473684210525,0.0,0.0,0.0,9.116693399846554e-05,0.0005645828787237406,0,20,19,True,True
5,5,18,OPTIMAL,49.99999999489912,53.0,53.0,53.0,0.06000000010813865,0.06000000010813865,0.0,0.0,0.0,8.895900100469589e-05,0.0005338750779628754,0,20,20,True,True
5,5,19,OPTIMAL,45.0,45.0,45.0,45.0,0.0,0.0,0.0,0.0,0.0,9.141606278717518e-05,0.0008502500131726265,0,20,20,True,True
7,7,0,OPTIMAL,60.0,65.0,65.0,63.0,0.08333333333333333,0.05,0.0,0.03076923076923077,0.03076923076923077,0.0005748330149799585,0.005363208008930087,1,84,82,True,True
7,7,1,OPTIMAL,62.0,69.0,69.0,69.0,0.11290322580645161,0.11290322580645161,0.0,0.0,0.0,0.00023754197172820568,0.002236291067674756,0,42,39,True,True
7,7,2,OPTIMAL,75.0,89.0,89.0,89.0,0.18666666666666668,0.18666666666666668,0.0,0.0,0.0,0.00022179214283823967,0.0019476658198982477,0,42,41,True,True
7,7,3,OPTIMAL,74.0,83.0,83.0,83.0,0.12162162162162163,0.12162162162162163,0.0,0.0,0.0,0.00022720894776284695,0.002135750139132142,0,42,41,True,True
7,7,4,OPTIMAL,57.0,69.0,69.0,68.0,0.21052631578947367,0.19298245614035087,0.0,0.014492753623188406,0.014492753623188406,0.00021833297796547413,0.004068083129823208,1,84,78,True,True
7,7,5,OPTIMAL,57.0,61.0,61.0,61.0,0.07017543859649122,0.07017543859649122,0.0,0.0,0.0,0.00026275007985532284,0.0020125419832766056,0,42,41,True,True
7,7,6,OPTIMAL,63.0,72.0,72.0,65.0,0.14285714285714285,0.031746031746031744,0.0,0.09722222222222222,0.09722222222222222,0.00022491696290671825,0.005894040921702981,2,126,124,True,True
7,7,7,OPTIMAL,70.0,79.0,79.0,73.0,0.12857142857142856,0.04285714285714286,0.0,0.0759493670886076,0.0759493670886076,0.00021491688676178455,0.009637792129069567,4,210,197,True,True
7,7,8,OPTIMAL,68.0,81.0,81.0,78.0,0.19117647058823528,0.14705882352941177,0.0,0.037037037037037035,0.037037037037037035,0.00026658293791115284,0.005976749816909432,2,126,115,True,True
7,7,9,OPTIMAL,57.0,67.0,67.0,66.0,0.17543859649122806,0.15789473684210525,0.0,0.014925373134328358,0.014925373134328358,0.00021949992515146732,0.003956834087148309,1,84,82,True,True
7,7,10,OPTIMAL,69.0,74.0,74.0,74.0,0.07246376811594203,0.07246376811594203,0.0,0.0,0.0,0.0002232501283288002,0.001996333012357354,0,42,40,True,True
7,7,11,OPTIMAL,64.0,65.0,65.0,65.0,0.015625,0.015625,0.0,0.0,0.0,0.00022437493316829205,0.002036874881014228,0,42,40,True,True
7,7,12,OPTIMAL,67.0,72.0,72.0,72.0,0.07462686567164178,0.07462686567164178,0.0,0.0,0.0,0.0002193748950958252,0.0019734171219170094,0,42,41,True,True
7,7,13,OPTIMAL,69.0,73.0,73.0,73.0,0.057971014492753624,0.057971014492753624,0.0,0.0,0.0,0.000218207947909832,0.0019949160050600767,0,42,42,True,True
7,7,14,OPTIMAL,68.0,72.0,72.0,72.0,0.058823529411764705,0.058823529411764705,0.0,0.0,0.0,0.00021979212760925293,0.0020851250737905502,0,42,42,True,True
7,7,15,OPTIMAL,64.0,69.0,69.0,67.0,0.078125,0.046875,0.0,0.028985507246376812,0.028985507246376812,0.00036550010554492474,0.008795666974037886,2,126,126,True,True
7,7,16,OPTIMAL,60.0,71.0,71.0,71.0,0.18333333333333332,0.18333333333333332,0.0,0.0,0.0,0.00022466597147285938,0.002104375045746565,0,42,39,True,True
7,7,17,OPTIMAL,66.0,71.0,71.0,71.0,0.07575757575757576,0.07575757575757576,0.0,0.0,0.0,0.00022200006060302258,0.0020766661036759615,0,42,41,True,True
7,7,18,OPTIMAL,70.0,76.0,76.0,73.0,0.08571428571428572,0.04285714285714286,0.0,0.039473684210526314,0.039473684210526314,0.00022037513554096222,0.0037994999438524246,1,84,80,True,True
7,7,19,OPTIMAL,67.0,71.0,71.0,71.0,0.05970149253731343,0.05970149253731343,0.0,0.0,0.0,0.0002235418651252985,0.0019737498369067907,0,42,41,True,True
10,10,0,OPTIMAL,97.99999999009995,107.0,107.0,106.0,0.09183673480417588,0.081632653170492,0.0,0.009345794392523364,0.009345794392523364,0.0006451660301536322,0.017067250097170472,1,180,178,True,True
10,10,1,OPTIMAL,90.0,107.0,107.0,107.0,0.18888888888888888,0.18888888888888888,0.0,0.0,0.0,0.0006737499497830868,0.009236042154952884,0,90,87,True,True
10,10,2,OPTIMAL,89.0,100.0,100.0,97.0,0.12359550561797752,0.0898876404494382,0.0,0.03,0.03,0.0006280839443206787,0.025342291919514537,2,270,261,True,True
10,10,3,OPTIMAL,95.0,101.0,101.0,101.0,0.06315789473684211,0.06315789473684211,0.0,0.0,0.0,0.0006422081496566534,0.008667959133163095,0,90,88,True,True
10,10,4,OPTIMAL,87.99999999109804,105.0,105.0,97.0,0.19318181830251888,0.10227272738423172,0.0,0.0761904761904762,0.0761904761904762,0.0006351249758154154,0.04251325014047325,4,450,430,True,True
10,10,5,OPTIMAL,83.99999999149999,97.0,97.0,97.0,0.1547619048787558,0.1547619048787558,0.0,0.0,0.0,0.0006296669598668814,0.008689916925504804,0,90,87,True,True
10,10,6,OPTIMAL,89.99999999089638,106.0,106.0,102.0,0.17777777789691152,0.13333333344797146,0.0,0.03773584905660377,0.03773584905660377,0.0006420831196010113,0.0437688329257071,4,450,442,True,True
10,10,7,OPTIMAL,92.0,106.0,106.0,105.0,0.15217391304347827,0.14130434782608695,0.0,0.009433962264150943,0.009433962264150943,0.0006667911075055599,0.017721625044941902,1,180,176,True,True
10,10,8,OPTIMAL,95.0,112.0,112.0,110.0,0.17894736842105263,0.15789473684210525,0.0,0.017857142857142856,0.017857142857142856,0.000627417117357254,0.017790375044569373,1,180,176,True,True
10,10,9,OPTIMAL,81.99999999169998,101.0,101.0,101.0,0.23170731719784385,0.23170731719784385,0.0,0.0,0.0,0.0006507919169962406,0.008841499919071794,0,90,88,True,True
10,10,10,OPTIMAL,89.99999999089988,99.0,99.0,99.0,0.10000000011122369,0.10000000011122369,0.0,0.0,0.0,0.000637291930615902,0.008849791018292308,0,90,88,True,True
10,10,11,OPTIMAL,86.0,99.0,99.0,97.0,0.1511627906976744,0.12790697674418605,0.0,0.020202020202020204,0.020202020202020204,0.0006443331949412823,0.017242166912183166,1,180,171,True,True
10,10,12,OPTIMAL,98.0,113.0,113.0,109.0,0.15306122448979592,0.11224489795918367,0.0,0.035398230088495575,0.035398230088495575,0.0006440419238060713,0.03557104105129838,3,360,352,True,True
10,10,13,OPTIMAL,101.0,119.0,119.0,116.0,0.1782178217821782,0.1485148514851485,0.0,0.025210084033613446,0.025210084033613446,0.000651791924610734,0.02619791589677334,2,270,255,True,True
10,10,14,OPTIMAL,101.99999965823983,112.0,112.0,110.0,0.09803921936535363,0.0784313761624009,0.0,0.017857142857142856,0.017857142857142856,0.000630208058282733,0.027241499861702323,2,270,266,True,True
10,10,15,OPTIMAL,88.0,107.0,107.0,101.0,0.2159090909090909,0.14772727272727273,0.0,0.056074766355140186,0.056074766355140186,0.0006562499329447746,0.02633045893162489,2,270,264,True,True
10,10,16,OPTIMAL,82.99999999159999,94.0,94.0,92.0,0.13253012059654531,0.10843373505193797,0.0,0.02127659574468085,0.02127659574468085,0.000656000105664134,0.02592166606336832,2,270,262,True,True
10,10,17,OPTIMAL,94.0,105.0,105.0,99.0,0.11702127659574468,0.05319148936170213,0.0,0.05714285714285714,0.05714285714285714,0.0006280001252889633,0.043384666088968515,4,450,445,True,True
10,10,18,OPTIMAL,85.0,106.0,106.0,104.0,0.24705882352941178,0.2235294117647059,0.0,0.018867924528301886,0.018867924528301886,0.0006512920372188091,0.01751833315938711,1,180,176,True,True
10,10,19,OPTIMAL,86.99999999110028,102.0,102.0,102.0,0.17241379322338107,0.17241379322338107,0.0,0.0,0.0,0.0006636250764131546,0.009015667019411922,0,90,88,True,True
