tabu_tenure,max_iterations,num_instances,mean_gap,median_gap,mean_improvement,median_runtime,mean_runtime
3,25,10,0.12424237352498334,0.1333333333906524,0.008714950886166755,0.21587908314540982,0.2159790457226336
3,50,10,0.12424237352498334,0.1333333333906524,0.008714950886166755,0.4333834999706596,0.43321289592422546
3,100,10,0.12424237352498334,0.1333333333906524,0.008714950886166755,0.8694509998895228,0.868362600216642
7,25,10,0.12188649769325935,0.1333333333906524,0.01073597773111929,0.2168991669313982,0.2172800250351429
7,50,10,0.12188649769325935,0.1333333333906524,0.01073597773111929,0.43693114549387246,0.4480730873765424
7,100,10,0.1131768612833941,0.10101010106527847,0.018276132280619636,0.8705428539542481,0.8815656373975799
12,25,10,0.11539908350561634,0.11212121217638958,0.01640697340211496,0.21719620854128152,0.21814089166000486
12,50,10,0.11007744607871575,0.10334928235182818,0.021058924578541017,0.44131689600180835,0.44044318748638034
12,100,10,0.10431364633508484,0.09808612445709133,0.025928411527235885,0.8682402914855629,0.8699537706095726
