seed,gurobi_status,optimal_cmax,mwkr_cmax,local_cmax,tabu_cmax,mwkr_gap,local_gap,tabu_gap,tabu_improvement,mwkr_runtime,local_runtime,tabu_runtime,gurobi_runtime,local_valid,tabu_valid,tabu_iterations,accepted_worsening_moves,accepted_equal_moves,best_improvements
0,OPTIMAL,97.99999999009995,107.0,106.0,106.0,0.09183673480417588,0.081632653170492,0.081632653170492,0.0,0.0006716249044984579,0.018357708118855953,0.8816293750423938,1.0492072105407715,True,True,100,0,100,0
1,OPTIMAL,90.0,107.0,107.0,100.0,0.18888888888888888,0.18888888888888888,0.1111111111111111,0.06542056074766354,0.0006328749004751444,0.008749250089749694,0.8777291658334434,0.5865359306335449,True,True,100,0,94,6
2,OPTIMAL,89.0,100.0,97.0,95.0,0.12359550561797752,0.0898876404494382,0.06741573033707865,0.020618556701030927,0.0006608751136809587,0.027402499923482537,0.8903445000760257,0.5354430675506592,True,True,100,0,98,2
3,OPTIMAL,95.0,101.0,101.0,101.0,0.06315789473684211,0.06315789473684211,0.06315789473684211,0.0,0.0010723341256380081,0.01375949988141656,1.0850472908932716,0.8506259918212891,True,True,100,0,100,0
4,OPTIMAL,87.99999999109804,105.0,97.0,96.0,0.19318181830251888,0.10227272738423172,0.09090909101944583,0.010309278350515464,0.0006523749325424433,0.043174624908715487,0.8576594169717282,1.8924391269683838,True,True,100,0,99,1
5,OPTIMAL,83.99999999149999,97.0,97.0,97.0,0.1547619048787558,0.1547619048787558,0.1547619048787558,0.0,0.0006474161054939032,0.008850584039464593,0.866355791920796,1.11661696434021,True,True,100,0,100,0
6,OPTIMAL,89.99999999089638,106.0,102.0,102.0,0.17777777789691152,0.13333333344797146,0.13333333344797146,0.0,0.0006319589447230101,0.04369679209776223,0.8738541658967733,2.3916990756988525,True,True,100,0,100,0
7,OPTIMAL,92.0,106.0,105.0,100.0,0.15217391304347827,0.14130434782608695,0.08695652173913043,0.047619047619047616,0.0006622499786317348,0.017368665896356106,0.864855291787535,1.5048439502716064,True,True,100,0,97,3
8,OPTIMAL,95.0,112.0,110.0,109.0,0.17894736842105263,0.15789473684210525,0.14736842105263157,0.00909090909090909,0.0006235421169549227,0.017430792097002268,0.8544550421647727,0.9629440307617188,True,True,100,0,99,1
9,OPTIMAL,81.99999999169998,101.0,101.0,98.0,0.23170731719784385,0.23170731719784385,0.19512195134048216,0.0297029702970297,0.0006540410686284304,0.008764957776293159,0.864293749909848,0.6655111312866211,True,True,100,0,98,2
10,OPTIMAL,89.99999999089988,99.0,99.0,99.0,0.10000000011122369,0.10000000011122369,0.10000000011122369,0.0,0.0006605829112231731,0.009099125163629651,0.8816269999369979,0.8027560710906982,True,True,100,0,100,0
11,OPTIMAL,86.0,99.0,97.0,91.0,0.1511627906976744,0.12790697674418605,0.05813953488372093,0.061855670103092786,0.0006405420135706663,0.01727020787075162,0.8633736250922084,0.3955540657043457,True,True,100,0,97,3
12,OPTIMAL,98.0,113.0,109.0,109.0,0.15306122448979592,0.11224489795918367,0.11224489795918367,0.0,0.0006631661672145128,0.03469391702674329,0.8661317080259323,1.876938819885254,True,True,100,0,100,0
13,OPTIMAL,101.0,119.0,116.0,115.0,0.1782178217821782,0.1485148514851485,0.13861386138613863,0.008620689655172414,0.0006664581596851349,0.025936332996934652,0.8616021249908954,2.177065134048462,True,True,100,0,99,1
14,OPTIMAL,101.99999965823983,112.0,110.0,110.0,0.09803921936535363,0.0784313761624009,0.0784313761624009,0.0,0.0006181669887155294,0.02615954098291695,0.8660958339460194,6.4413158893585205,True,True,100,0,100,0
15,OPTIMAL,88.0,107.0,101.0,97.0,0.2159090909090909,0.14772727272727273,0.10227272727272728,0.039603960396039604,0.0006330828182399273,0.026262458181008697,0.8728816660586745,0.9819140434265137,True,True,100,0,96,4
16,OPTIMAL,82.99999999159999,94.0,92.0,92.0,0.13253012059654531,0.10843373505193797,0.10843373505193797,0.0,0.0006612502038478851,0.02598774991929531,0.8660299589391798,1.0595860481262207,True,True,100,0,100,0
17,OPTIMAL,94.0,105.0,99.0,96.0,0.11702127659574468,0.05319148936170213,0.02127659574468085,0.030303030303030304,0.0006356248632073402,0.04413616703823209,0.867785417009145,0.6459791660308838,True,True,100,0,98,2
18,OPTIMAL,85.0,106.0,104.0,102.0,0.24705882352941178,0.2235294117647059,0.2,0.019230769230769232,0.0006551661062985659,0.017508832970634103,0.8676890409551561,0.4809601306915283,True,True,100,0,98,2
19,OPTIMAL,86.99999999110028,102.0,102.0,100.0,0.17241379322338107,0.17241379322338107,0.149425287473903,0.0196078431372549,0.000649165827780962,0.008856874890625477,0.8806935001630336,2.4246950149536133,True,True,100,0,99,1
